User name,AWS access key,Event time,Event source,Event name,AWS region,Source IP address,User agent,Error code,Resources,Request ID,Event ID,Read-only,Event type,Recipient Account Id,Event category
girmag,AKIAYQK7EW5IYSROX6WA,2022-12-24T08:53:52Z,ec2.amazonaws.com,DeleteSubnet,us-east-1,99.190.8.56,APN/1.0 HashiCorp/1.0 Terraform/1.3.6 (+https://www.terraform.io) terraform-provider-aws/4.48.0 (+https://registry.terraform.io/providers/hashicorp/aws) aws-sdk-go/1.44.162 (go1.19.3; darwin; amd64),,"[{""resourceType"":""AWS::EC2::Subnet"",""resourceName"":""subnet-0fd6e22c61f423c61""}]",1c4b196d-f127-400b-b71a-1c17ca14ba03,15743dfe-c09c-486e-ba44-bca53a3f0e7a,false,AwsApiCall,584851961681,Management
girmag,AKIAYQK7EW5IYSROX6WA,2022-12-24T08:53:52Z,iam.amazonaws.com,DeleteRole,us-east-1,99.190.8.56,APN/1.0 HashiCorp/1.0 Terraform/1.3.6 (+https://www.terraform.io) terraform-provider-aws/4.48.0 (+https://registry.terraform.io/providers/hashicorp/aws) aws-sdk-go/1.44.162 (go1.19.3; darwin; amd64),,"[{""resourceType"":""AWS::IAM::Role"",""resourceName"":""iam_for_lambda""}]",76fa4ef3-58ff-41e4-86c6-fa678c02f9b4,b21f99b2-f0a3-491e-81fd-2646e45ae2ba,false,AwsApiCall,584851961681,Management
girmag,AKIAYQK7EW5IYSROX6WA,2022-12-24T08:53:52Z,ec2.amazonaws.com,DeleteVpc,us-east-1,99.190.8.56,APN/1.0 HashiCorp/1.0 Terraform/1.3.6 (+https://www.terraform.io) terraform-provider-aws/4.48.0 (+https://registry.terraform.io/providers/hashicorp/aws) aws-sdk-go/1.44.162 (go1.19.3; darwin; amd64),,"[{""resourceType"":""AWS::EC2::VPC"",""resourceName"":""vpc-082c560813f721b2f""}]",f1224951-d31b-437f-b5a4-4974d037054e,cd123c14-750b-4059-ab41-3d77da25834a,false,AwsApiCall,584851961681,Management
girmag,AKIAYQK7EW5IYSROX6WA,2022-12-24T08:53:51Z,lambda.amazonaws.com,RemovePermission20150331v2,us-east-1,99.190.8.56,APN/1.0 HashiCorp/1.0 Terraform/1.3.6 (+https://www.terraform.io) terraform-provider-aws/4.48.0 (+https://registry.terraform.io/providers/hashicorp/aws) aws-sdk-go/1.44.162 (go1.19.3; darwin; amd64),,"[{""resourceType"":""AWS::Lambda::Function"",""resourceName"":""lambda_function""}]",fa61c868-b4c4-44c6-8dbe-31e135139aaf,1f6e320b-871f-4079-a49b-230df404c780,false,AwsApiCall,584851961681,Management
girmag,AKIAYQK7EW5IYSROX6WA,2022-12-24T08:53:51Z,iam.amazonaws.com,DetachRolePolicy,us-east-1,99.190.8.56,APN/1.0 HashiCorp/1.0 Terraform/1.3.6 (+https://www.terraform.io) terraform-provider-aws/4.48.0 (+https://registry.terraform.io/providers/hashicorp/aws) aws-sdk-go/1.44.162 (go1.19.3; darwin; amd64),,"[{""resourceType"":""AWS::IAM::Policy"",""resourceName"":""arn:aws:iam::584851961681:policy/lambda_logging""},{""resourceType"":""AWS::IAM::Role"",""resourceName"":""iam_for_lambda""}]",1e912f00-07c6-46a9-ad90-4e5b9caa6dd0,2bf32cf4-b9d1-4322-b586-3af9ea77dc3d,false,AwsApiCall,584851961681,Management
girmag,AKIAYQK7EW5IYSROX6WA,2022-12-24T08:53:51Z,logs.amazonaws.com,DeleteLogGroup,us-east-1,99.190.8.56,APN/1.0 HashiCorp/1.0 Terraform/1.3.6 (+https://www.terraform.io) terraform-provider-aws/4.48.0 (+https://registry.terraform.io/providers/hashicorp/aws) aws-sdk-go/1.44.162 (go1.19.3; darwin; amd64),,[],4e09a916-6cd6-4fce-aa12-af28a7c5fbc6,8ad64743-01e7-4c74-8345-3cd46da2492c,false,AwsApiCall,584851961681,Management
girmag,AKIAYQK7EW5IYSROX6WA,2022-12-24T08:53:51Z,iam.amazonaws.com,DeletePolicy,us-east-1,99.190.8.56,APN/1.0 HashiCorp/1.0 Terraform/1.3.6 (+https://www.terraform.io) terraform-provider-aws/4.48.0 (+https://registry.terraform.io/providers/hashicorp/aws) aws-sdk-go/1.44.162 (go1.19.3; darwin; amd64),,"[{""resourceType"":""AWS::IAM::Policy"",""resourceName"":""arn:aws:iam::584851961681:policy/lambda_logging""}]",a58d4d2e-d87d-4bad-ac56-e47ddcfe4d8a,a8eef3ea-2cb7-481c-a988-afbc18b75c37,false,AwsApiCall,584851961681,Management
girmag,AKIAYQK7EW5IYSROX6WA,2022-12-24T08:53:51Z,lambda.amazonaws.com,DeleteFunction20150331,us-east-1,99.190.8.56,APN/1.0 HashiCorp/1.0 Terraform/1.3.6 (+https://www.terraform.io) terraform-provider-aws/4.48.0 (+https://registry.terraform.io/providers/hashicorp/aws) aws-sdk-go/1.44.162 (go1.19.3; darwin; amd64),,"[{""resourceType"":""AWS::Lambda::Function"",""resourceName"":""lambda_function""}]",457bc92c-0a04-4364-9ef1-92d3dc16f35d,c2e7f0dc-07e6-43c2-9c55-516cd3b46ca8,false,AwsApiCall,584851961681,Management
girmag,AKIAYQK7EW5IYSROX6WA,2022-12-24T08:53:51Z,events.amazonaws.com,RemoveTargets,us-east-1,99.190.8.56,APN/1.0 HashiCorp/1.0 Terraform/1.3.6 (+https://www.terraform.io) terraform-provider-aws/4.48.0 (+https://registry.terraform.io/providers/hashicorp/aws) aws-sdk-go/1.44.162 (go1.19.3; darwin; amd64),,[],3a9b2a4a-26bf-47e5-b7e0-d45640eaf814,ca9126a5-617e-44c2-b731-a3b95d2194f0,false,AwsApiCall,584851961681,Management
girmag,AKIAYQK7EW5IYSROX6WA,2022-12-24T08:53:51Z,events.amazonaws.com,DeleteRule,us-east-1,99.190.8.56,APN/1.0 HashiCorp/1.0 Terraform/1.3.6 (+https://www.terraform.io) terraform-provider-aws/4.48.0 (+https://registry.terraform.io/providers/hashicorp/aws) aws-sdk-go/1.44.162 (go1.19.3; darwin; amd64),,[],c145f0a9-3b3d-4dd9-a96d-3011ade32db7,da5166cd-aadf-461b-960a-200defc00454,false,AwsApiCall,584851961681,Management
girmag,AKIAYQK7EW5IYSROX6WA,2022-12-24T08:46:59Z,ec2.amazonaws.com,CreateSubnet,us-east-1,99.190.8.56,APN/1.0 HashiCorp/1.0 Terraform/1.3.6 (+https://www.terraform.io) terraform-provider-aws/3.76.0 (+https://registry.terraform.io/providers/hashicorp/aws) aws-sdk-go/1.44.157 (go1.19.3; darwin; amd64),,"[{""resourceType"":""AWS::EC2::VPC"",""resourceName"":""vpc-082c560813f721b2f""},{""resourceType"":""AWS::EC2::Subnet"",""resourceName"":""subnet-0fd6e22c61f423c61""}]",42e13d34-d7d6-44cd-8761-16bab2f02d14,4838e4a9-42f0-4a1a-ac1d-f72639bbfe7f,false,AwsApiCall,584851961681,Management
girmag,AKIAYQK7EW5IYSROX6WA,2022-12-24T08:46:57Z,ec2.amazonaws.com,DeleteVpc,us-east-1,99.190.8.56,APN/1.0 HashiCorp/1.0 Terraform/1.3.6 (+https://www.terraform.io) terraform-provider-aws/3.76.0 (+https://registry.terraform.io/providers/hashicorp/aws) aws-sdk-go/1.44.157 (go1.19.3; darwin; amd64),,"[{""resourceType"":""AWS::EC2::VPC"",""resourceName"":""vpc-01bc93ca577beea20""}]",22a71585-c17a-4803-95d8-78497dbedbe0,6434edec-18f6-4589-9445-2c88d9123529,false,AwsApiCall,584851961681,Management
girmag,AKIAYQK7EW5IYSROX6WA,2022-12-24T08:46:56Z,ec2.amazonaws.com,DeleteSubnet,us-east-1,99.190.8.56,APN/1.0 HashiCorp/1.0 Terraform/1.3.6 (+https://www.terraform.io) terraform-provider-aws/3.76.0 (+https://registry.terraform.io/providers/hashicorp/aws) aws-sdk-go/1.44.157 (go1.19.3; darwin; amd64),,"[{""resourceType"":""AWS::EC2::Subnet"",""resourceName"":""subnet-087538312c6595bcc""}]",0083d18d-12e1-4239-992c-03cb8e5b1679,60a695fe-db37-42e1-bf2d-5639703c03e0,false,AwsApiCall,584851961681,Management
girmag,AKIAYQK7EW5IYSROX6WA,2022-12-24T08:46:56Z,ec2.amazonaws.com,CreateVpc,us-east-1,99.190.8.56,APN/1.0 HashiCorp/1.0 Terraform/1.3.6 (+https://www.terraform.io) terraform-provider-aws/3.76.0 (+https://registry.terraform.io/providers/hashicorp/aws) aws-sdk-go/1.44.157 (go1.19.3; darwin; amd64),,"[{""resourceType"":""AWS::EC2::VPC"",""resourceName"":""vpc-082c560813f721b2f""}]",f2b3e2ae-df26-4f42-89b2-fdb90b6eab0f,abe6cb0f-e7fc-40c9-a5af-57ee0e1f2f6f,false,AwsApiCall,584851961681,Management
lambda_function,ASIAYQK7EW5IZN2JEAGF,2022-12-24T08:18:26Z,logs.amazonaws.com,CreateLogStream,us-east-1,18.212.112.195,awslambda-worker/1.0 rusoto/0.48.0 rust/1.65.0 linux,ResourceNotFoundException,[],32f16050-a82c-4c0f-a1c2-8430231fca3b,3e62439e-20e3-4e82-9421-009d0fc625da,false,AwsApiCall,584851961681,Management
lambda_function,ASIAYQK7EW5IZN2JEAGF,2022-12-24T08:18:26Z,logs.amazonaws.com,CreateLogGroup,us-east-1,18.212.112.195,awslambda-worker/1.0 rusoto/0.48.0 rust/1.65.0 linux,,[],b7e24f5d-c356-4913-b93f-09a5f09876f4,c5d6e71c-c4be-4bd2-abeb-d79df2047d00,false,AwsApiCall,584851961681,Management
lambda_function,ASIAYQK7EW5IZN2JEAGF,2022-12-24T08:18:26Z,logs.amazonaws.com,CreateLogStream,us-east-1,18.212.112.195,awslambda-worker/1.0 rusoto/0.48.0 rust/1.65.0 linux,,[],88c194c3-1268-41f9-85f6-19a8f4871f97,e3e2e693-5537-424c-9896-620d3306d0c0,false,AwsApiCall,584851961681,Management
girmag,AKIAYQK7EW5IYSROX6WA,2022-12-24T08:17:49Z,events.amazonaws.com,PutTargets,us-east-1,99.190.8.56,APN/1.0 HashiCorp/1.0 Terraform/1.3.6 (+https://www.terraform.io) terraform-provider-aws/3.76.0 (+https://registry.terraform.io/providers/hashicorp/aws) aws-sdk-go/1.44.157 (go1.19.3; darwin; amd64),,[],ba3ab569-43f1-4783-9a1b-870902c18f25,13f65b85-7f5f-4c80-a1db-dc66c148be3d,false,AwsApiCall,584851961681,Management
girmag,AKIAYQK7EW5IYSROX6WA,2022-12-24T08:17:49Z,lambda.amazonaws.com,AddPermission20150331v2,us-east-1,99.190.8.56,APN/1.0 HashiCorp/1.0 Terraform/1.3.6 (+https://www.terraform.io) terraform-provider-aws/3.76.0 (+https://registry.terraform.io/providers/hashicorp/aws) aws-sdk-go/1.44.157 (go1.19.3; darwin; amd64),,"[{""resourceType"":""AWS::Lambda::Function"",""resourceName"":""lambda_function""}]",2e12d2b4-46ab-4f7d-aaf3-c7e7816a13d0,16ed35a4-31f3-43f9-866c-ac1513a53074,false,AwsApiCall,584851961681,Management
girmag,AKIAYQK7EW5IYSROX6WA,2022-12-24T08:17:48Z,logs.amazonaws.com,CreateLogGroup,us-east-1,99.190.8.56,APN/1.0 HashiCorp/1.0 Terraform/1.3.6 (+https://www.terraform.io) terraform-provider-aws/3.76.0 (+https://registry.terraform.io/providers/hashicorp/aws) aws-sdk-go/1.44.157 (go1.19.3; darwin; amd64),,[],3ee51428-150b-464a-a628-fbc789d59f92,1f51595d-c838-4b47-8e62-1590a0b70cca,false,AwsApiCall,584851961681,Management
girmag,AKIAYQK7EW5IYSROX6WA,2022-12-24T08:17:48Z,logs.amazonaws.com,PutRetentionPolicy,us-east-1,99.190.8.56,APN/1.0 HashiCorp/1.0 Terraform/1.3.6 (+https://www.terraform.io) terraform-provider-aws/3.76.0 (+https://registry.terraform.io/providers/hashicorp/aws) aws-sdk-go/1.44.157 (go1.19.3; darwin; amd64),,[],b74211dc-1c44-4993-a1a6-cf8699adfd33,4a68dff8-35e0-4eaf-bafb-b582bfbf7bdb,false,AwsApiCall,584851961681,Management
girmag,AKIAYQK7EW5IYSROX6WA,2022-12-24T08:17:48Z,events.amazonaws.com,PutRule,us-east-1,99.190.8.56,APN/1.0 HashiCorp/1.0 Terraform/1.3.6 (+https://www.terraform.io) terraform-provider-aws/3.76.0 (+https://registry.terraform.io/providers/hashicorp/aws) aws-sdk-go/1.44.157 (go1.19.3; darwin; amd64),,[],644346e8-dc20-4c8d-92b3-635da9fe605c,93fe8357-ac4f-46ff-b65c-6ffff18c3289,false,AwsApiCall,584851961681,Management
girmag,AKIAYQK7EW5IYSROX6WA,2022-12-24T08:17:42Z,lambda.amazonaws.com,CreateFunction20150331,us-east-1,99.190.8.56,APN/1.0 HashiCorp/1.0 Terraform/1.3.6 (+https://www.terraform.io) terraform-provider-aws/3.76.0 (+https://registry.terraform.io/providers/hashicorp/aws) aws-sdk-go/1.44.157 (go1.19.3; darwin; amd64),,"[{""resourceType"":""AWS::Lambda::Function"",""resourceName"":""lambda_function""}]",e2c87939-97f3-46e4-b1bd-473da6fb5ddc,48d6f205-c1d5-43f5-9a64-fa89902234f8,false,AwsApiCall,584851961681,Management
girmag,AKIAYQK7EW5IYSROX6WA,2022-12-24T08:17:38Z,lambda.amazonaws.com,CreateFunction20150331,us-east-1,99.190.8.56,APN/1.0 HashiCorp/1.0 Terraform/1.3.6 (+https://www.terraform.io) terraform-provider-aws/3.76.0 (+https://registry.terraform.io/providers/hashicorp/aws) aws-sdk-go/1.44.157 (go1.19.3; darwin; amd64),InvalidParameterValueException,[],de5afe94-26b4-4ed4-8add-b16f4da79106,3a56eb4f-accc-4b9f-a6b9-0a978bf9f5e0,false,AwsApiCall,584851961681,Management
girmag,AKIAYQK7EW5IYSROX6WA,2022-12-24T08:17:35Z,ec2.amazonaws.com,CreateSubnet,us-east-1,99.190.8.56,APN/1.0 HashiCorp/1.0 Terraform/1.3.6 (+https://www.terraform.io) terraform-provider-aws/3.76.0 (+https://registry.terraform.io/providers/hashicorp/aws) aws-sdk-go/1.44.157 (go1.19.3; darwin; amd64),,"[{""resourceType"":""AWS::EC2::VPC"",""resourceName"":""vpc-01bc93ca577beea20""},{""resourceType"":""AWS::EC2::Subnet"",""resourceName"":""subnet-087538312c6595bcc""}]",242b8ba5-5666-464b-911b-bc604ee05fa0,52deb5ec-bf7c-4855-b545-47a541acd09c,false,AwsApiCall,584851961681,Management
girmag,AKIAYQK7EW5IYSROX6WA,2022-12-24T08:17:35Z,lambda.amazonaws.com,CreateFunction20150331,us-east-1,99.190.8.56,APN/1.0 HashiCorp/1.0 Terraform/1.3.6 (+https://www.terraform.io) terraform-provider-aws/3.76.0 (+https://registry.terraform.io/providers/hashicorp/aws) aws-sdk-go/1.44.157 (go1.19.3; darwin; amd64),InvalidParameterValueException,[],9ad141f8-9bf9-43b1-9399-93b415a337bd,cebb4727-7f52-409b-b432-929e5ba33dee,false,AwsApiCall,584851961681,Management
girmag,AKIAYQK7EW5IYSROX6WA,2022-12-24T08:17:34Z,lambda.amazonaws.com,CreateFunction20150331,us-east-1,99.190.8.56,APN/1.0 HashiCorp/1.0 Terraform/1.3.6 (+https://www.terraform.io) terraform-provider-aws/3.76.0 (+https://registry.terraform.io/providers/hashicorp/aws) aws-sdk-go/1.44.157 (go1.19.3; darwin; amd64),InvalidParameterValueException,[],4686e21b-fba7-4754-a6f7-f050f32b25aa,748a0575-f7bf-4f36-b961-e81199067334,false,AwsApiCall,584851961681,Management
girmag,AKIAYQK7EW5IYSROX6WA,2022-12-24T08:17:34Z,lambda.amazonaws.com,CreateFunction20150331,us-east-1,99.190.8.56,APN/1.0 HashiCorp/1.0 Terraform/1.3.6 (+https://www.terraform.io) terraform-provider-aws/3.76.0 (+https://registry.terraform.io/providers/hashicorp/aws) aws-sdk-go/1.44.157 (go1.19.3; darwin; amd64),InvalidParameterValueException,[],19e93bea-4b49-4db8-932c-38d4996e03a3,c5b56d23-9375-4b85-a1e1-adfe0c662d67,false,AwsApiCall,584851961681,Management
girmag,AKIAYQK7EW5IYSROX6WA,2022-12-24T08:17:34Z,iam.amazonaws.com,AttachRolePolicy,us-east-1,99.190.8.56,APN/1.0 HashiCorp/1.0 Terraform/1.3.6 (+https://www.terraform.io) terraform-provider-aws/3.76.0 (+https://registry.terraform.io/providers/hashicorp/aws) aws-sdk-go/1.44.157 (go1.19.3; darwin; amd64),,"[{""resourceType"":""AWS::IAM::Policy"",""resourceName"":""arn:aws:iam::584851961681:policy/lambda_logging""},{""resourceType"":""AWS::IAM::Role"",""resourceName"":""iam_for_lambda""}]",89a7732e-40e0-44fa-8ff9-a5d29673a9dc,ef360982-e9d1-4912-9951-f0fc0d6fb249,false,AwsApiCall,584851961681,Management
girmag,AKIAYQK7EW5IYSROX6WA,2022-12-24T08:17:32Z,iam.amazonaws.com,CreatePolicy,us-east-1,99.190.8.56,APN/1.0 HashiCorp/1.0 Terraform/1.3.6 (+https://www.terraform.io) terraform-provider-aws/3.76.0 (+https://registry.terraform.io/providers/hashicorp/aws) aws-sdk-go/1.44.157 (go1.19.3; darwin; amd64),,"[{""resourceType"":""AWS::IAM::Policy"",""resourceName"":""lambda_logging""},{""resourceType"":""AWS::IAM::Policy"",""resourceName"":""arn:aws:iam::584851961681:policy/lambda_logging""},{""resourceType"":""AWS::IAM::Policy"",""resourceName"":""ANPAYQK7EW5I3RJC7Z7J7""}]",39fe6f8a-3ac3-49a1-835e-edcde6e8898b,09b87c00-5239-4501-ae65-6aa92f3f49a6,false,AwsApiCall,584851961681,Management
girmag,AKIAYQK7EW5IYSROX6WA,2022-12-24T08:17:32Z,ec2.amazonaws.com,CreateVpc,us-east-1,99.190.8.56,APN/1.0 HashiCorp/1.0 Terraform/1.3.6 (+https://www.terraform.io) terraform-provider-aws/3.76.0 (+https://registry.terraform.io/providers/hashicorp/aws) aws-sdk-go/1.44.157 (go1.19.3; darwin; amd64),,"[{""resourceType"":""AWS::EC2::VPC"",""resourceName"":""vpc-01bc93ca577beea20""}]",417981c2-bb19-4ec7-b05c-3cc790305ed9,506aaca0-c13c-4777-85e0-d87f50d69953,false,AwsApiCall,584851961681,Management
girmag,AKIAYQK7EW5IYSROX6WA,2022-12-24T08:17:32Z,iam.amazonaws.com,CreateRole,us-east-1,99.190.8.56,APN/1.0 HashiCorp/1.0 Terraform/1.3.6 (+https://www.terraform.io) terraform-provider-aws/3.76.0 (+https://registry.terraform.io/providers/hashicorp/aws) aws-sdk-go/1.44.157 (go1.19.3; darwin; amd64),,"[{""resourceType"":""AWS::IAM::Role"",""resourceName"":""iam_for_lambda""},{""resourceType"":""AWS::IAM::Role"",""resourceName"":""AROAYQK7EW5I7DJFNMCKA""},{""resourceType"":""AWS::IAM::Role"",""resourceName"":""arn:aws:iam::584851961681:role/iam_for_lambda""}]",e13d112f-bb22-4b0b-a4df-65fd40da6335,d344e270-4934-4522-89fe-cd22e5cc0f51,false,AwsApiCall,584851961681,Management
girmag,AKIAYQK7EW5IYSROX6WA,2022-12-24T06:23:31Z,ec2.amazonaws.com,TerminateInstances,us-east-1,99.190.8.56,APN/1.0 HashiCorp/1.0 Terraform/1.3.6 (+https://www.terraform.io) terraform-provider-aws/4.48.0 (+https://registry.terraform.io/providers/hashicorp/aws) aws-sdk-go/1.44.162 (go1.19.3; darwin; amd64),,"[{""resourceType"":""AWS::EC2::Instance"",""resourceName"":""i-01907a7f143be3bf8""}]",5af4e8eb-e179-43d0-b6be-c1e40a93d8fb,2562edde-d886-446c-8425-3d70529a3b22,false,AwsApiCall,584851961681,Management
girmag,AKIAYQK7EW5IYSROX6WA,2022-12-24T06:23:31Z,ec2.amazonaws.com,TerminateInstances,us-east-1,99.190.8.56,APN/1.0 HashiCorp/1.0 Terraform/1.3.6 (+https://www.terraform.io) terraform-provider-aws/4.48.0 (+https://registry.terraform.io/providers/hashicorp/aws) aws-sdk-go/1.44.162 (go1.19.3; darwin; amd64),,"[{""resourceType"":""AWS::EC2::Instance"",""resourceName"":""i-0d84df6e3e52f7814""}]",2fa6a453-2229-49bc-9396-0e4770287379,3496c5ce-fd85-4cf7-aba8-a32807560f25,false,AwsApiCall,584851961681,Management
girmag,AKIAYQK7EW5IYSROX6WA,2022-12-24T06:23:31Z,ec2.amazonaws.com,TerminateInstances,us-east-1,99.190.8.56,APN/1.0 HashiCorp/1.0 Terraform/1.3.6 (+https://www.terraform.io) terraform-provider-aws/4.48.0 (+https://registry.terraform.io/providers/hashicorp/aws) aws-sdk-go/1.44.162 (go1.19.3; darwin; amd64),,"[{""resourceType"":""AWS::EC2::Instance"",""resourceName"":""i-0981cf6952818d432""}]",e3c577b7-2e54-4c1e-a41a-464157799f1e,5b5ea285-0ffe-4536-9aec-1a5ee9c4e503,false,AwsApiCall,584851961681,Management
girmag,AKIAYQK7EW5IYSROX6WA,2022-12-24T06:23:31Z,ec2.amazonaws.com,ModifyInstanceAttribute,us-east-1,99.190.8.56,APN/1.0 HashiCorp/1.0 Terraform/1.3.6 (+https://www.terraform.io) terraform-provider-aws/4.48.0 (+https://registry.terraform.io/providers/hashicorp/aws) aws-sdk-go/1.44.162 (go1.19.3; darwin; amd64),,"[{""resourceType"":""AWS::EC2::Instance"",""resourceName"":""i-01907a7f143be3bf8""}]",95732623-815a-42d4-946a-0c352cd71442,711a889d-53c1-4612-9a5a-faecdb049879,false,AwsApiCall,584851961681,Management
girmag,AKIAYQK7EW5IYSROX6WA,2022-12-24T06:23:31Z,ec2.amazonaws.com,TerminateInstances,us-east-1,99.190.8.56,APN/1.0 HashiCorp/1.0 Terraform/1.3.6 (+https://www.terraform.io) terraform-provider-aws/4.48.0 (+https://registry.terraform.io/providers/hashicorp/aws) aws-sdk-go/1.44.162 (go1.19.3; darwin; amd64),,"[{""resourceType"":""AWS::EC2::Instance"",""resourceName"":""i-01e85a2b715a186c6""}]",e9054a65-adba-4e46-88ba-4bf74848c510,7eb96aef-edf7-4b90-8973-3bc8fa172297,false,AwsApiCall,584851961681,Management
girmag,AKIAYQK7EW5IYSROX6WA,2022-12-24T06:23:31Z,ec2.amazonaws.com,ModifyInstanceAttribute,us-east-1,99.190.8.56,APN/1.0 HashiCorp/1.0 Terraform/1.3.6 (+https://www.terraform.io) terraform-provider-aws/4.48.0 (+https://registry.terraform.io/providers/hashicorp/aws) aws-sdk-go/1.44.162 (go1.19.3; darwin; amd64),,"[{""resourceType"":""AWS::EC2::Instance"",""resourceName"":""i-0d84df6e3e52f7814""}]",49ea7005-9d82-4242-8a9a-f6f96d078c94,9284c0f2-0e1d-4f5c-894a-18180454c207,false,AwsApiCall,584851961681,Management
girmag,AKIAYQK7EW5IYSROX6WA,2022-12-24T06:23:31Z,ec2.amazonaws.com,ModifyInstanceAttribute,us-east-1,99.190.8.56,APN/1.0 HashiCorp/1.0 Terraform/1.3.6 (+https://www.terraform.io) terraform-provider-aws/4.48.0 (+https://registry.terraform.io/providers/hashicorp/aws) aws-sdk-go/1.44.162 (go1.19.3; darwin; amd64),,"[{""resourceType"":""AWS::EC2::Instance"",""resourceName"":""i-01e85a2b715a186c6""}]",34c94a32-05af-4fc4-9f15-3c58c5e4c26c,c3df63d6-60ae-4bed-8380-fe389cddf8fa,false,AwsApiCall,584851961681,Management
girmag,AKIAYQK7EW5IYSROX6WA,2022-12-24T06:23:31Z,ec2.amazonaws.com,ModifyInstanceAttribute,us-east-1,99.190.8.56,APN/1.0 HashiCorp/1.0 Terraform/1.3.6 (+https://www.terraform.io) terraform-provider-aws/4.48.0 (+https://registry.terraform.io/providers/hashicorp/aws) aws-sdk-go/1.44.162 (go1.19.3; darwin; amd64),,"[{""resourceType"":""AWS::EC2::Instance"",""resourceName"":""i-0981cf6952818d432""}]",e225be18-6df5-40d7-8074-2c670c5a89b5,fd868df0-8865-49fa-a02c-5b83a42015a1,false,AwsApiCall,584851961681,Management
girmag,AKIAYQK7EW5IYSROX6WA,2022-12-24T05:32:16Z,ec2.amazonaws.com,ModifyInstanceAttribute,us-east-1,99.190.8.56,APN/1.0 HashiCorp/1.0 Terraform/1.3.6 (+https://www.terraform.io) terraform-provider-aws/4.48.0 (+https://registry.terraform.io/providers/hashicorp/aws) aws-sdk-go/1.44.162 (go1.19.3; darwin; amd64),,"[{""resourceType"":""AWS::EC2::Instance"",""resourceName"":""i-07aa1afefceba8484""}]",b1c138de-8922-4982-bbb8-d459580a318a,14327200-c3ce-4e46-bd68-d2f0171240fb,false,AwsApiCall,584851961681,Management
girmag,AKIAYQK7EW5IYSROX6WA,2022-12-24T05:32:16Z,ec2.amazonaws.com,TerminateInstances,us-east-1,99.190.8.56,APN/1.0 HashiCorp/1.0 Terraform/1.3.6 (+https://www.terraform.io) terraform-provider-aws/4.48.0 (+https://registry.terraform.io/providers/hashicorp/aws) aws-sdk-go/1.44.162 (go1.19.3; darwin; amd64),,"[{""resourceType"":""AWS::EC2::Instance"",""resourceName"":""i-0e778996e54e2ae1e""}]",4363ff93-0bf2-4479-8bac-0f069942c1fa,4f52663d-690e-4427-ae34-d67c98dd2fa6,false,AwsApiCall,584851961681,Management
girmag,AKIAYQK7EW5IYSROX6WA,2022-12-24T05:32:16Z,ec2.amazonaws.com,ModifyInstanceAttribute,us-east-1,99.190.8.56,APN/1.0 HashiCorp/1.0 Terraform/1.3.6 (+https://www.terraform.io) terraform-provider-aws/4.48.0 (+https://registry.terraform.io/providers/hashicorp/aws) aws-sdk-go/1.44.162 (go1.19.3; darwin; amd64),,"[{""resourceType"":""AWS::EC2::Instance"",""resourceName"":""i-0e778996e54e2ae1e""}]",3f1a25bf-04b5-4dcd-9518-25d974aa7f9a,53d5b305-64db-45ad-83af-083939859465,false,AwsApiCall,584851961681,Management
girmag,AKIAYQK7EW5IYSROX6WA,2022-12-24T05:32:16Z,ec2.amazonaws.com,TerminateInstances,us-east-1,99.190.8.56,APN/1.0 HashiCorp/1.0 Terraform/1.3.6 (+https://www.terraform.io) terraform-provider-aws/4.48.0 (+https://registry.terraform.io/providers/hashicorp/aws) aws-sdk-go/1.44.162 (go1.19.3; darwin; amd64),,"[{""resourceType"":""AWS::EC2::Instance"",""resourceName"":""i-07aa1afefceba8484""}]",79ed36b5-4298-4c76-b683-94eada9e6782,9a7b8c27-5730-48fa-8431-e7f96116ca45,false,AwsApiCall,584851961681,Management
,,2022-12-24T05:17:40Z,ec2.amazonaws.com,SharedSnapshotVolumeCreated,us-east-1,ec2.amazonaws.com,ec2.amazonaws.com,,[],,1c8d0682-a672-4963-9eb5-6ef599bedde8,false,AwsServiceEvent,584851961681,Management
,,2022-12-24T05:17:40Z,ec2.amazonaws.com,SharedSnapshotVolumeCreated,us-east-1,ec2.amazonaws.com,ec2.amazonaws.com,,[],,6a9e7a59-3fd3-4184-8f32-47d25f330312,false,AwsServiceEvent,584851961681,Management
,,2022-12-24T05:17:40Z,ec2.amazonaws.com,SharedSnapshotVolumeCreated,us-east-1,ec2.amazonaws.com,ec2.amazonaws.com,,[],,7a173b61-1a89-41a0-9dc4-b2354b7dd89f,false,AwsServiceEvent,584851961681,Management
,,2022-12-24T05:17:38Z,ec2.amazonaws.com,SharedSnapshotVolumeCreated,us-east-1,ec2.amazonaws.com,ec2.amazonaws.com,,[],,ac446e57-8639-40c2-921d-9ce86450416b,false,AwsServiceEvent,584851961681,Management
,,2022-12-24T05:17:37Z,ec2.amazonaws.com,SharedSnapshotVolumeCreated,us-east-1,ec2.amazonaws.com,ec2.amazonaws.com,,[],,44114bcf-69f8-4082-ada0-6b260e044259,false,AwsServiceEvent,584851961681,Management
,,2022-12-24T05:17:37Z,ec2.amazonaws.com,SharedSnapshotVolumeCreated,us-east-1,ec2.amazonaws.com,ec2.amazonaws.com,,[],,ff25c9be-9b18-4a6c-91d5-e10cb3b001fc,false,AwsServiceEvent,584851961681,Management
girmag,AKIAYQK7EW5IYSROX6WA,2022-12-24T05:17:36Z,ec2.amazonaws.com,RunInstances,us-east-1,99.190.8.56,APN/1.0 HashiCorp/1.0 Terraform/1.3.6 (+https://www.terraform.io) terraform-provider-aws/4.48.0 (+https://registry.terraform.io/providers/hashicorp/aws) aws-sdk-go/1.44.162 (go1.19.3; darwin; amd64),,"[{""resourceType"":""AWS::EC2::VPC"",""resourceName"":""vpc-8ddcdff7""},{""resourceType"":""AWS::EC2::Ami"",""resourceName"":""ami-0c6b1d09930fac512""},{""resourceType"":""AWS::EC2::NetworkInterface"",""resourceName"":""eni-02e75aa309d168a33""},{""resourceType"":""AWS::EC2::Instance"",""resourceName"":""i-0e778996e54e2ae1e""},{""resourceType"":""AWS::EC2::SecurityGroup"",""resourceName"":""default""},{""resourceType"":""AWS::EC2::SecurityGroup"",""resourceName"":""sg-7b217f55""},{""resourceType"":""AWS::EC2::Subnet"",""resourceName"":""subnet-c5ea6c88""}]",39db9bfe-67a7-485e-af33-22d05e3e4794,fda080be-fea6-4f89-b812-9a4258b8a152,false,AwsApiCall,584851961681,Management
girmag,AKIAYQK7EW5IYSROX6WA,2022-12-24T05:17:35Z,ec2.amazonaws.com,RunInstances,us-east-1,99.190.8.56,APN/1.0 HashiCorp/1.0 Terraform/1.3.6 (+https://www.terraform.io) terraform-provider-aws/4.48.0 (+https://registry.terraform.io/providers/hashicorp/aws) aws-sdk-go/1.44.162 (go1.19.3; darwin; amd64),,"[{""resourceType"":""AWS::EC2::VPC"",""resourceName"":""vpc-8ddcdff7""},{""resourceType"":""AWS::EC2::Ami"",""resourceName"":""ami-0fe472d8a85bc7b0e""},{""resourceType"":""AWS::EC2::NetworkInterface"",""resourceName"":""eni-0569f3f77b2c911c4""},{""resourceType"":""AWS::EC2::Instance"",""resourceName"":""i-01907a7f143be3bf8""},{""resourceType"":""AWS::EC2::SecurityGroup"",""resourceName"":""default""},{""resourceType"":""AWS::EC2::SecurityGroup"",""resourceName"":""sg-7b217f55""},{""resourceType"":""AWS::EC2::Subnet"",""resourceName"":""subnet-5733ce76""}]",e7ac9a14-5a77-40e2-a1ea-0dee18cd471e,0748f652-8bac-495d-867c-f276b423625c,false,AwsApiCall,584851961681,Management
girmag,AKIAYQK7EW5IYSROX6WA,2022-12-24T05:17:35Z,ec2.amazonaws.com,RunInstances,us-east-1,99.190.8.56,APN/1.0 HashiCorp/1.0 Terraform/1.3.6 (+https://www.terraform.io) terraform-provider-aws/4.48.0 (+https://registry.terraform.io/providers/hashicorp/aws) aws-sdk-go/1.44.162 (go1.19.3; darwin; amd64),,"[{""resourceType"":""AWS::EC2::VPC"",""resourceName"":""vpc-8ddcdff7""},{""resourceType"":""AWS::EC2::Ami"",""resourceName"":""ami-0fe472d8a85bc7b0e""},{""resourceType"":""AWS::EC2::NetworkInterface"",""resourceName"":""eni-0de3b2ee798bfcbf0""},{""resourceType"":""AWS::EC2::Instance"",""resourceName"":""i-0981cf6952818d432""},{""resourceType"":""AWS::EC2::SecurityGroup"",""resourceName"":""default""},{""resourceType"":""AWS::EC2::SecurityGroup"",""resourceName"":""sg-7b217f55""},{""resourceType"":""AWS::EC2::Subnet"",""resourceName"":""subnet-5733ce76""}]",87496d5d-cbe1-4df2-8e2c-aebf3ba61ebc,74220a94-df77-49c3-a75f-c7000bc9613b,false,AwsApiCall,584851961681,Management
girmag,AKIAYQK7EW5IYSROX6WA,2022-12-24T05:17:35Z,ec2.amazonaws.com,RunInstances,us-east-1,99.190.8.56,APN/1.0 HashiCorp/1.0 Terraform/1.3.6 (+https://www.terraform.io) terraform-provider-aws/4.48.0 (+https://registry.terraform.io/providers/hashicorp/aws) aws-sdk-go/1.44.162 (go1.19.3; darwin; amd64),,"[{""resourceType"":""AWS::EC2::VPC"",""resourceName"":""vpc-8ddcdff7""},{""resourceType"":""AWS::EC2::Ami"",""resourceName"":""ami-0fe472d8a85bc7b0e""},{""resourceType"":""AWS::EC2::NetworkInterface"",""resourceName"":""eni-0394818f1ff756173""},{""resourceType"":""AWS::EC2::Instance"",""resourceName"":""i-01e85a2b715a186c6""},{""resourceType"":""AWS::EC2::SecurityGroup"",""resourceName"":""default""},{""resourceType"":""AWS::EC2::SecurityGroup"",""resourceName"":""sg-7b217f55""},{""resourceType"":""AWS::EC2::Subnet"",""resourceName"":""subnet-5733ce76""}]",069f0e74-a112-4805-bdfc-ea142c82540d,d2922e46-1387-40bd-a18c-45a14b62caa4,false,AwsApiCall,584851961681,Management
girmag,AKIAYQK7EW5IYSROX6WA,2022-12-24T05:17:35Z,ec2.amazonaws.com,RunInstances,us-east-1,99.190.8.56,APN/1.0 HashiCorp/1.0 Terraform/1.3.6 (+https://www.terraform.io) terraform-provider-aws/4.48.0 (+https://registry.terraform.io/providers/hashicorp/aws) aws-sdk-go/1.44.162 (go1.19.3; darwin; amd64),,"[{""resourceType"":""AWS::EC2::VPC"",""resourceName"":""vpc-8ddcdff7""},{""resourceType"":""AWS::EC2::Ami"",""resourceName"":""ami-0fe472d8a85bc7b0e""},{""resourceType"":""AWS::EC2::NetworkInterface"",""resourceName"":""eni-0c9c8f46cfd903737""},{""resourceType"":""AWS::EC2::Instance"",""resourceName"":""i-0d84df6e3e52f7814""},{""resourceType"":""AWS::EC2::SecurityGroup"",""resourceName"":""default""},{""resourceType"":""AWS::EC2::SecurityGroup"",""resourceName"":""sg-7b217f55""},{""resourceType"":""AWS::EC2::Subnet"",""resourceName"":""subnet-5733ce76""}]",27426927-f53a-4bdd-b872-0a054fb967fc,d9308a1c-a036-4f3f-a1b5-11dbf76c8126,false,AwsApiCall,584851961681,Management
girmag,AKIAYQK7EW5IYSROX6WA,2022-12-24T05:17:35Z,ec2.amazonaws.com,RunInstances,us-east-1,99.190.8.56,APN/1.0 HashiCorp/1.0 Terraform/1.3.6 (+https://www.terraform.io) terraform-provider-aws/4.48.0 (+https://registry.terraform.io/providers/hashicorp/aws) aws-sdk-go/1.44.162 (go1.19.3; darwin; amd64),,"[{""resourceType"":""AWS::EC2::VPC"",""resourceName"":""vpc-8ddcdff7""},{""resourceType"":""AWS::EC2::Ami"",""resourceName"":""ami-0c6b1d09930fac512""},{""resourceType"":""AWS::EC2::NetworkInterface"",""resourceName"":""eni-002ea92d15b211916""},{""resourceType"":""AWS::EC2::Instance"",""resourceName"":""i-07aa1afefceba8484""},{""resourceType"":""AWS::EC2::SecurityGroup"",""resourceName"":""default""},{""resourceType"":""AWS::EC2::SecurityGroup"",""resourceName"":""sg-7b217f55""},{""resourceType"":""AWS::EC2::Subnet"",""resourceName"":""subnet-c5ea6c88""}]",31b061ac-15ca-4377-a84d-6b1c9268ea48,e8a06da7-5f5d-44b7-ad7b-64bdb54a805d,false,AwsApiCall,584851961681,Management
root,ASIAYQK7EW5IZFNQ4CUS,2022-12-24T05:07:16Z,iam.amazonaws.com,UpdateAccessKey,us-east-1,AWS Internal,AWS Internal,,"[{""resourceType"":""AWS::IAM::AccessKey"",""resourceName"":""AKIAYQK7EW5IVHZLREMN""},{""resourceType"":""AWS::IAM::User"",""resourceName"":""girmag""}]",87a13913-2e4b-44d1-a7f7-2eac9686a042,2f39b254-bc51-4264-a472-ffe66dddb7f4,false,AwsApiCall,584851961681,Management
root,ASIAYQK7EW5IZFNQ4CUS,2022-12-24T05:02:22Z,iam.amazonaws.com,CreateAccessKey,us-east-1,AWS Internal,AWS Internal,,"[{""resourceType"":""AWS::IAM::AccessKey"",""resourceName"":""AKIAYQK7EW5IYSROX6WA""},{""resourceType"":""AWS::IAM::User"",""resourceName"":""girmag""}]",994978b9-9f91-4ee0-9a1d-d5eeec00b9fb,5a6274c6-b35e-42a9-9b37-f49eedfbb4d3,false,AwsApiCall,584851961681,Management
root,,2022-12-24T04:57:11Z,signin.amazonaws.com,ConsoleLogin,us-east-1,99.190.8.56,"Mozilla/5.0 (Macintosh; Intel Mac OS X 10_15_7) AppleWebKit/537.36 (KHTML, like Gecko) Chrome/108.0.0.0 Safari/537.36",,[],,bf1aee7b-e80a-441e-8937-45d4c9303c76,false,AwsConsoleSignIn,584851961681,Management
root,ASIAYQK7EW5I7HDWCSTU,2022-12-23T20:38:09Z,sso.amazonaws.com,UpdateSsoConfiguration,us-east-1,AWS Internal,AWS Internal,,[],45d30428-781a-4bb7-8476-ced9b78d02ee,101ae9e4-37f6-4140-9b58-d900f007d62d,false,AwsApiCall,584851961681,Management
root,ASIAYQK7EW5I7HDWCSTU,2022-12-23T20:38:09Z,sso.amazonaws.com,PutMfaDeviceManagementForDirectory,us-east-1,AWS Internal,AWS Internal,,[],116a9d4a-1e90-40b1-99b3-e07d2b12b26f,87d89f72-3423-479b-898f-7998a4602ecf,false,AwsApiCall,584851961681,Management
root,ASIAYQK7EW5I7HDWCSTU,2022-12-23T20:38:09Z,sso.amazonaws.com,AssociateDirectory,us-east-1,AWS Internal,AWS Internal,,[],1b8bb377-d216-4b9c-91c7-fc307f3eac4e,b12a1aef-5410-4156-a228-fb5ac782cc38,false,AwsApiCall,584851961681,Management
root,ASIAYQK7EW5IWMN4VEVS,2022-12-23T20:38:01Z,organizations.amazonaws.com,EnableAWSServiceAccess,us-east-1,AWS Internal,AWS Internal,,[],b983dfea-7634-4456-808d-396c985cc0cf,01a2e8b3-7e2c-40f3-a363-e9a649736dfe,false,AwsApiCall,584851961681,Management
root,ASIAYQK7EW5I7HDWCSTU,2022-12-23T20:38:01Z,sso.amazonaws.com,StartSSO,us-east-1,AWS Internal,AWS Internal,,[],393a9c1d-cdd0-4e50-84ed-8945c1d15d80,71776eb9-b23d-457b-962d-a9a2f0a03e82,false,AwsApiCall,584851961681,Management
root,ASIAYQK7EW5IWMN4VEVS,2022-12-23T20:38:01Z,iam.amazonaws.com,CreateServiceLinkedRole,us-east-1,AWS Internal,AWS Internal,,[],d857166c-12d8-44b9-a7a2-5fa97f6a876b,c3158280-b3bc-45a6-8f5d-7432f81f4cff,false,AwsApiCall,584851961681,Management
root,ASIAYQK7EW5I7HDWCSTU,2022-12-23T20:38:00Z,sso.amazonaws.com,RegisterRegion,us-east-1,AWS Internal,AWS Internal,,[],aff4507a-1de1-4e5c-b61e-bafbdabeb9f2,95ec7d6a-fd46-43bc-99ba-e4e89e10484d,false,AwsApiCall,584851961681,Management
root,ASIAYQK7EW5I7HDWCSTU,2022-12-23T20:37:59Z,organizations.amazonaws.com,CreateOrganization,us-east-1,AWS Internal,AWS Internal,,[],2d427270-247c-4afc-903b-f709aa391d9d,b306bdbd-0249-4370-947f-6adc3d59fdf5,false,AwsApiCall,584851961681,Management
root,ASIAYQK7EW5I74VUI2MD,2022-12-23T20:37:58Z,iam.amazonaws.com,CreateServiceLinkedRole,us-east-1,AWS Internal,AWS Internal,,[],51bc5a3a-0e00-4f5a-924c-1e5fe4204c53,09a143cd-f160-41ad-a8dd-4961bb135f94,false,AwsApiCall,584851961681,Management
root,ASIAYQK7EW5I5HUHBLUF,2022-12-23T20:32:14Z,iam.amazonaws.com,CreateLoginProfile,us-east-1,AWS Internal,AWS Internal,,"[{""resourceType"":""AWS::IAM::User"",""resourceName"":""girmagd""}]",ba64a186-0d9c-4cf0-a334-e57e676ec9da,97c2e1b3-94e2-4025-8bbf-2efd4b186093,false,AwsApiCall,584851961681,Management
root,ASIAYQK7EW5IRRG2WXLC,2022-12-23T20:31:11Z,iam.amazonaws.com,RemoveUserFromGroup,us-east-1,AWS Internal,AWS Internal,,"[{""resourceType"":""AWS::IAM::User"",""resourceName"":""udagram-gg-dev""},{""resourceType"":""AWS::IAM::Group"",""resourceName"":""udagram-dev""}]",2f92ce5d-3606-48c4-bc7e-0e0ee5d34f9a,258a7eb8-e807-4115-8e9b-dc7c24fab9fb,false,AwsApiCall,584851961681,Management
root,ASIAYQK7EW5IRRG2WXLC,2022-12-23T20:31:11Z,iam.amazonaws.com,DetachUserPolicy,us-east-1,AWS Internal,AWS Internal,,"[{""resourceType"":""AWS::IAM::User"",""resourceName"":""udagram-gg-dev""},{""resourceType"":""AWS::IAM::Policy"",""resourceName"":""arn:aws:iam::aws:policy/AdministratorAccess""}]",b35952db-cec9-48ce-b15e-af8af9aa187d,37ed4ac2-21a4-4b84-a5f3-102242ac37a6,false,AwsApiCall,584851961681,Management
root,ASIAYQK7EW5IRRG2WXLC,2022-12-23T20:31:11Z,iam.amazonaws.com,DetachUserPolicy,us-east-1,AWS Internal,AWS Internal,,"[{""resourceType"":""AWS::IAM::User"",""resourceName"":""udagram-gg-dev""},{""resourceType"":""AWS::IAM::Policy"",""resourceName"":""arn:aws:iam::aws:policy/AWSElasticBeanstalkFullAccess""}]",bc67b805-0a0a-4b29-b0c7-95584de2ee0e,46fe83ff-dd37-4df5-b4d4-3c5235194493,false,AwsApiCall,584851961681,Management
root,ASIAYQK7EW5IRRG2WXLC,2022-12-23T20:31:11Z,iam.amazonaws.com,DeleteUser,us-east-1,AWS Internal,AWS Internal,,"[{""resourceType"":""AWS::IAM::User"",""resourceName"":""udagram-gg-dev""}]",72509ac6-7c67-4485-ac88-ba024e8072b4,ce0d664e-7ca7-49c5-8719-2a4a4355b344,false,AwsApiCall,584851961681,Management
root,ASIAYQK7EW5IRRG2WXLC,2022-12-23T20:31:11Z,iam.amazonaws.com,DetachUserPolicy,us-east-1,AWS Internal,AWS Internal,,"[{""resourceType"":""AWS::IAM::User"",""resourceName"":""udagram-gg-dev""},{""resourceType"":""AWS::IAM::Policy"",""resourceName"":""arn:aws:iam::aws:policy/IAMUserChangePassword""}]",4002214c-2175-4817-a6d1-4a6712eb3047,d5ebd8c4-34cd-46fc-af3d-b2489dee1188,false,AwsApiCall,584851961681,Management
root,ASIAYQK7EW5IRRG2WXLC,2022-12-23T20:31:10Z,iam.amazonaws.com,DeleteLoginProfile,us-east-1,AWS Internal,AWS Internal,,"[{""resourceType"":""AWS::IAM::User"",""resourceName"":""udagram-gg-dev""}]",c43125a6-d19b-4409-a886-109414d55a47,8037fd6e-4153-498c-ab57-eab0b73987f7,false,AwsApiCall,584851961681,Management
root,ASIAYQK7EW5IRRG2WXLC,2022-12-23T20:31:10Z,iam.amazonaws.com,DeleteAccessKey,us-east-1,AWS Internal,AWS Internal,,"[{""resourceType"":""AWS::IAM::AccessKey"",""resourceName"":""AKIAYQK7EW5IWLB3I2UV""},{""resourceType"":""AWS::IAM::User"",""resourceName"":""udagram-gg-dev""}]",07b4d10b-7aaa-4fea-946c-46c0f0bdf29d,d1edefc6-7f70-4247-b7cc-75c40dca84b2,false,AwsApiCall,584851961681,Management
root,,2022-12-23T20:29:44Z,signin.amazonaws.com,ConsoleLogin,us-east-1,99.190.8.56,"Mozilla/5.0 (Macintosh; Intel Mac OS X 10_15_7) AppleWebKit/537.36 (KHTML, like Gecko) Chrome/108.0.0.0 Safari/537.36",,[],,b81dd912-64db-460a-bd07-adb89ad1d57c,false,AwsConsoleSignIn,584851961681,Management
root,,2022-12-23T20:28:36Z,signin.amazonaws.com,PasswordRecoveryCompleted,us-east-1,99.190.8.56,"Mozilla/5.0 (Macintosh; Intel Mac OS X 10_15_7) AppleWebKit/537.36 (KHTML, like Gecko) Chrome/108.0.0.0 Safari/537.36",,[],,767a06bc-44c0-4e46-986a-560789d9e076,false,AwsConsoleSignIn,584851961681,Management
root,,2022-12-23T20:28:00Z,signin.amazonaws.com,PasswordRecoveryRequested,us-east-1,99.190.8.56,"Mozilla/5.0 (Macintosh; Intel Mac OS X 10_15_7) AppleWebKit/537.36 (KHTML, like Gecko) Chrome/108.0.0.0 Safari/537.36",,[],,504e744a-df32-4a6d-b86c-8bfe76800b49,false,AwsConsoleSignIn,584851961681,Management
root,,2022-12-23T20:27:21Z,signin.amazonaws.com,ConsoleLogin,us-east-1,99.190.8.56,"Mozilla/5.0 (Macintosh; Intel Mac OS X 10_15_7) AppleWebKit/537.36 (KHTML, like Gecko) Chrome/108.0.0.0 Safari/537.36",,[],,cee5ccca-c1e8-41dd-bb0b-1d838eda72f6,false,AwsConsoleSignIn,584851961681,Management
,,2022-12-13T14:25:30Z,kms.amazonaws.com,RotateKey,us-east-1,AWS Internal,AWS Internal,,[],,2ea9553b-424e-4550-bc3e-afe271537212,false,AwsServiceEvent,584851961681,Management
,,2022-12-13T14:18:39Z,kms.amazonaws.com,RotateKey,us-east-1,AWS Internal,AWS Internal,,[],,78f3dd05-2c25-40b6-9d2a-9b7111d6f01f,false,AwsServiceEvent,584851961681,Management
,,2022-09-27T09:18:52Z,sts.amazonaws.com,AssumeRole,us-east-1,rds.amazonaws.com,rds.amazonaws.com,,"[{""resourceType"":""AWS::IAM::AccessKey"",""resourceName"":""ASIAYQK7EW5I3V6NQT7M""},{""resourceType"":""AWS::STS::AssumedRole"",""resourceName"":""CRUM""},{""resourceType"":""AWS::STS::AssumedRole"",""resourceName"":""AROAYQK7EW5I2PR2F527V:CRUM""},{""resourceType"":""AWS::STS::AssumedRole"",""resourceName"":""arn:aws:sts::584851961681:assumed-role/AWSServiceRoleForRDS/CRUM""},{""resourceType"":""AWS::IAM::Role"",""resourceName"":""arn:aws:iam::584851961681:role/aws-service-role/rds.amazonaws.com/AWSServiceRoleForRDS""}]",aa4bd7a8-ac83-461f-a651-1fd533fbe10b,81ed366a-0686-4b15-a7c4-9188462bcc18,false,AwsApiCall,584851961681,Management
,,2022-09-27T08:18:53Z,sts.amazonaws.com,AssumeRole,us-east-1,rds.amazonaws.com,rds.amazonaws.com,,"[{""resourceType"":""AWS::IAM::AccessKey"",""resourceName"":""ASIAYQK7EW5IXELCGFNG""},{""resourceType"":""AWS::STS::AssumedRole"",""resourceName"":""CRUM""},{""resourceType"":""AWS::STS::AssumedRole"",""resourceName"":""AROAYQK7EW5I2PR2F527V:CRUM""},{""resourceType"":""AWS::STS::AssumedRole"",""resourceName"":""arn:aws:sts::584851961681:assumed-role/AWSServiceRoleForRDS/CRUM""},{""resourceType"":""AWS::IAM::Role"",""resourceName"":""arn:aws:iam::584851961681:role/aws-service-role/rds.amazonaws.com/AWSServiceRoleForRDS""}]",b6dc19f6-dd64-4d77-8142-6e0e0c376c2b,172bff65-2bdf-433c-9506-f9f5d922b147,false,AwsApiCall,584851961681,Management
,,2022-09-27T06:19:15Z,sts.amazonaws.com,AssumeRole,us-east-1,rds.amazonaws.com,rds.amazonaws.com,,"[{""resourceType"":""AWS::IAM::AccessKey"",""resourceName"":""ASIAYQK7EW5IVJ7QSURX""},{""resourceType"":""AWS::STS::AssumedRole"",""resourceName"":""CRUM""},{""resourceType"":""AWS::STS::AssumedRole"",""resourceName"":""AROAYQK7EW5I2PR2F527V:CRUM""},{""resourceType"":""AWS::STS::AssumedRole"",""resourceName"":""arn:aws:sts::584851961681:assumed-role/AWSServiceRoleForRDS/CRUM""},{""resourceType"":""AWS::IAM::Role"",""resourceName"":""arn:aws:iam::584851961681:role/aws-service-role/rds.amazonaws.com/AWSServiceRoleForRDS""}]",5c9c2d5c-fcbd-4afc-b099-8e9e191028c2,e11b49fa-fea0-4c13-b5db-969cb5131892,false,AwsApiCall,584851961681,Management
,,2022-09-27T02:23:51Z,sts.amazonaws.com,AssumeRole,us-east-1,rds.amazonaws.com,rds.amazonaws.com,,"[{""resourceType"":""AWS::IAM::AccessKey"",""resourceName"":""ASIAYQK7EW5I5ONQVLBG""},{""resourceType"":""AWS::STS::AssumedRole"",""resourceName"":""CRUM""},{""resourceType"":""AWS::STS::AssumedRole"",""resourceName"":""AROAYQK7EW5I2PR2F527V:CRUM""},{""resourceType"":""AWS::STS::AssumedRole"",""resourceName"":""arn:aws:sts::584851961681:assumed-role/AWSServiceRoleForRDS/CRUM""},{""resourceType"":""AWS::IAM::Role"",""resourceName"":""arn:aws:iam::584851961681:role/aws-service-role/rds.amazonaws.com/AWSServiceRoleForRDS""}]",178db58b-4530-4999-ba84-7be6222d38c7,2c70c907-8aa3-4a8f-9530-ce591f674ce3,false,AwsApiCall,584851961681,Management
,,2022-09-26T18:20:40Z,sts.amazonaws.com,AssumeRole,us-east-1,rds.amazonaws.com,rds.amazonaws.com,,"[{""resourceType"":""AWS::IAM::AccessKey"",""resourceName"":""ASIAYQK7EW5I32DJIJGZ""},{""resourceType"":""AWS::STS::AssumedRole"",""resourceName"":""CRUM""},{""resourceType"":""AWS::STS::AssumedRole"",""resourceName"":""AROAYQK7EW5I2PR2F527V:CRUM""},{""resourceType"":""AWS::STS::AssumedRole"",""resourceName"":""arn:aws:sts::584851961681:assumed-role/AWSServiceRoleForRDS/CRUM""},{""resourceType"":""AWS::IAM::Role"",""resourceName"":""arn:aws:iam::584851961681:role/aws-service-role/rds.amazonaws.com/AWSServiceRoleForRDS""}]",6a18da94-3035-4971-8826-fee24162a964,02c93c98-24f9-47db-aacd-6f6086674926,false,AwsApiCall,584851961681,Management
,,2022-09-26T17:19:06Z,sts.amazonaws.com,AssumeRole,us-east-1,rds.amazonaws.com,rds.amazonaws.com,,"[{""resourceType"":""AWS::IAM::AccessKey"",""resourceName"":""ASIAYQK7EW5IW2PPL5AZ""},{""resourceType"":""AWS::STS::AssumedRole"",""resourceName"":""CRUM""},{""resourceType"":""AWS::STS::AssumedRole"",""resourceName"":""AROAYQK7EW5I2PR2F527V:CRUM""},{""resourceType"":""AWS::STS::AssumedRole"",""resourceName"":""arn:aws:sts::584851961681:assumed-role/AWSServiceRoleForRDS/CRUM""},{""resourceType"":""AWS::IAM::Role"",""resourceName"":""arn:aws:iam::584851961681:role/aws-service-role/rds.amazonaws.com/AWSServiceRoleForRDS""}]",2fb2b65b-cd78-4e8b-94c7-6284e31e4822,7e20b894-210e-4977-8991-58760d066b4a,false,AwsApiCall,584851961681,Management
,,2022-09-26T16:22:02Z,sts.amazonaws.com,AssumeRole,us-east-1,rds.amazonaws.com,rds.amazonaws.com,,"[{""resourceType"":""AWS::IAM::AccessKey"",""resourceName"":""ASIAYQK7EW5IZDUUT5DR""},{""resourceType"":""AWS::STS::AssumedRole"",""resourceName"":""CRUM""},{""resourceType"":""AWS::STS::AssumedRole"",""resourceName"":""AROAYQK7EW5I2PR2F527V:CRUM""},{""resourceType"":""AWS::STS::AssumedRole"",""resourceName"":""arn:aws:sts::584851961681:assumed-role/AWSServiceRoleForRDS/CRUM""},{""resourceType"":""AWS::IAM::Role"",""resourceName"":""arn:aws:iam::584851961681:role/aws-service-role/rds.amazonaws.com/AWSServiceRoleForRDS""}]",8ced5b61-9308-4a4b-bcc6-0c9dae70a9a2,e254d998-a7f9-44a5-9ceb-1a10283aaac6,false,AwsApiCall,584851961681,Management
,,2022-09-26T15:20:02Z,sts.amazonaws.com,AssumeRole,us-east-1,rds.amazonaws.com,rds.amazonaws.com,,"[{""resourceType"":""AWS::IAM::AccessKey"",""resourceName"":""ASIAYQK7EW5IW6BN4V4Y""},{""resourceType"":""AWS::STS::AssumedRole"",""resourceName"":""CRUM""},{""resourceType"":""AWS::STS::AssumedRole"",""resourceName"":""AROAYQK7EW5I2PR2F527V:CRUM""},{""resourceType"":""AWS::STS::AssumedRole"",""resourceName"":""arn:aws:sts::584851961681:assumed-role/AWSServiceRoleForRDS/CRUM""},{""resourceType"":""AWS::IAM::Role"",""resourceName"":""arn:aws:iam::584851961681:role/aws-service-role/rds.amazonaws.com/AWSServiceRoleForRDS""}]",e6ea5721-13fd-4939-90ab-5e2699489779,66227ea4-a968-4555-a906-a0b7e75fbdcc,false,AwsApiCall,584851961681,Management
,,2022-09-26T14:19:26Z,sts.amazonaws.com,AssumeRole,us-east-1,rds.amazonaws.com,rds.amazonaws.com,,"[{""resourceType"":""AWS::IAM::AccessKey"",""resourceName"":""ASIAYQK7EW5I7D2XTN6E""},{""resourceType"":""AWS::STS::AssumedRole"",""resourceName"":""CRUM""},{""resourceType"":""AWS::STS::AssumedRole"",""resourceName"":""AROAYQK7EW5I2PR2F527V:CRUM""},{""resourceType"":""AWS::STS::AssumedRole"",""resourceName"":""arn:aws:sts::584851961681:assumed-role/AWSServiceRoleForRDS/CRUM""},{""resourceType"":""AWS::IAM::Role"",""resourceName"":""arn:aws:iam::584851961681:role/aws-service-role/rds.amazonaws.com/AWSServiceRoleForRDS""}]",684229da-987d-4c35-84d8-2f43edb2cd5d,d09152cc-3da6-4df4-ae9a-6228f62728b0,false,AwsApiCall,584851961681,Management
,,2022-09-26T13:19:07Z,sts.amazonaws.com,AssumeRole,us-east-1,rds.amazonaws.com,rds.amazonaws.com,,"[{""resourceType"":""AWS::IAM::AccessKey"",""resourceName"":""ASIAYQK7EW5IUOQ36CXM""},{""resourceType"":""AWS::STS::AssumedRole"",""resourceName"":""CRUM""},{""resourceType"":""AWS::STS::AssumedRole"",""resourceName"":""AROAYQK7EW5I2PR2F527V:CRUM""},{""resourceType"":""AWS::STS::AssumedRole"",""resourceName"":""arn:aws:sts::584851961681:assumed-role/AWSServiceRoleForRDS/CRUM""},{""resourceType"":""AWS::IAM::Role"",""resourceName"":""arn:aws:iam::584851961681:role/aws-service-role/rds.amazonaws.com/AWSServiceRoleForRDS""}]",d927ccaa-5cbf-4ba2-88d5-68667fde7981,ae26441a-bf8c-49ef-8e7f-61378945f44b,false,AwsApiCall,584851961681,Management
,,2022-09-26T12:19:43Z,sts.amazonaws.com,AssumeRole,us-east-1,rds.amazonaws.com,rds.amazonaws.com,,"[{""resourceType"":""AWS::IAM::AccessKey"",""resourceName"":""ASIAYQK7EW5ITY3X5RVF""},{""resourceType"":""AWS::STS::AssumedRole"",""resourceName"":""CRUM""},{""resourceType"":""AWS::STS::AssumedRole"",""resourceName"":""AROAYQK7EW5I2PR2F527V:CRUM""},{""resourceType"":""AWS::STS::AssumedRole"",""resourceName"":""arn:aws:sts::584851961681:assumed-role/AWSServiceRoleForRDS/CRUM""},{""resourceType"":""AWS::IAM::Role"",""resourceName"":""arn:aws:iam::584851961681:role/aws-service-role/rds.amazonaws.com/AWSServiceRoleForRDS""}]",4fab7c32-3046-4ed6-b898-178e18f836cc,7492ba47-36b1-421d-a150-468e667ce168,false,AwsApiCall,584851961681,Management
,,2022-09-26T11:20:02Z,sts.amazonaws.com,AssumeRole,us-east-1,rds.amazonaws.com,rds.amazonaws.com,,"[{""resourceType"":""AWS::IAM::AccessKey"",""resourceName"":""ASIAYQK7EW5IR66WJPXK""},{""resourceType"":""AWS::STS::AssumedRole"",""resourceName"":""CRUM""},{""resourceType"":""AWS::STS::AssumedRole"",""resourceName"":""AROAYQK7EW5I2PR2F527V:CRUM""},{""resourceType"":""AWS::STS::AssumedRole"",""resourceName"":""arn:aws:sts::584851961681:assumed-role/AWSServiceRoleForRDS/CRUM""},{""resourceType"":""AWS::IAM::Role"",""resourceName"":""arn:aws:iam::584851961681:role/aws-service-role/rds.amazonaws.com/AWSServiceRoleForRDS""}]",287ab1f7-c2df-4028-89f3-7aa949a4f044,4f6ac0ae-880a-467b-b72f-2876c0d26a65,false,AwsApiCall,584851961681,Management
,,2022-09-26T10:23:12Z,sts.amazonaws.com,AssumeRole,us-east-1,rds.amazonaws.com,rds.amazonaws.com,,"[{""resourceType"":""AWS::IAM::AccessKey"",""resourceName"":""ASIAYQK7EW5ISH5OEENK""},{""resourceType"":""AWS::STS::AssumedRole"",""resourceName"":""CRUM""},{""resourceType"":""AWS::STS::AssumedRole"",""resourceName"":""AROAYQK7EW5I2PR2F527V:CRUM""},{""resourceType"":""AWS::STS::AssumedRole"",""resourceName"":""arn:aws:sts::584851961681:assumed-role/AWSServiceRoleForRDS/CRUM""},{""resourceType"":""AWS::IAM::Role"",""resourceName"":""arn:aws:iam::584851961681:role/aws-service-role/rds.amazonaws.com/AWSServiceRoleForRDS""}]",55041739-4424-44bc-8dfc-b946aa738458,7792d9dd-3706-4f01-b45b-8950e4aae680,false,AwsApiCall,584851961681,Management
,,2022-09-26T09:18:22Z,sts.amazonaws.com,AssumeRole,us-east-1,rds.amazonaws.com,rds.amazonaws.com,,"[{""resourceType"":""AWS::IAM::AccessKey"",""resourceName"":""ASIAYQK7EW5IR5LACRGP""},{""resourceType"":""AWS::STS::AssumedRole"",""resourceName"":""CRUM""},{""resourceType"":""AWS::STS::AssumedRole"",""resourceName"":""AROAYQK7EW5I2PR2F527V:CRUM""},{""resourceType"":""AWS::STS::AssumedRole"",""resourceName"":""arn:aws:sts::584851961681:assumed-role/AWSServiceRoleForRDS/CRUM""},{""resourceType"":""AWS::IAM::Role"",""resourceName"":""arn:aws:iam::584851961681:role/aws-service-role/rds.amazonaws.com/AWSServiceRoleForRDS""}]",ce4be8a3-ddd9-4fb1-8df4-4bd8f9fb7f54,aa2e7da4-8605-4501-87b2-db9f8e1379cd,false,AwsApiCall,584851961681,Management
,,2022-09-26T08:21:13Z,sts.amazonaws.com,AssumeRole,us-east-1,rds.amazonaws.com,rds.amazonaws.com,,"[{""resourceType"":""AWS::IAM::AccessKey"",""resourceName"":""ASIAYQK7EW5I4QCHTKVJ""},{""resourceType"":""AWS::STS::AssumedRole"",""resourceName"":""CRUM""},{""resourceType"":""AWS::STS::AssumedRole"",""resourceName"":""AROAYQK7EW5I2PR2F527V:CRUM""},{""resourceType"":""AWS::STS::AssumedRole"",""resourceName"":""arn:aws:sts::584851961681:assumed-role/AWSServiceRoleForRDS/CRUM""},{""resourceType"":""AWS::IAM::Role"",""resourceName"":""arn:aws:iam::584851961681:role/aws-service-role/rds.amazonaws.com/AWSServiceRoleForRDS""}]",37ddb7b4-1f12-4584-96fa-cd81bde50a8c,b6705a90-6bfe-48ad-aa98-6a8557ec542d,false,AwsApiCall,584851961681,Management
,,2022-09-26T07:21:21Z,sts.amazonaws.com,AssumeRole,us-east-1,rds.amazonaws.com,rds.amazonaws.com,,"[{""resourceType"":""AWS::IAM::AccessKey"",""resourceName"":""ASIAYQK7EW5IYHWCICTV""},{""resourceType"":""AWS::STS::AssumedRole"",""resourceName"":""CRUM""},{""resourceType"":""AWS::STS::AssumedRole"",""resourceName"":""AROAYQK7EW5I2PR2F527V:CRUM""},{""resourceType"":""AWS::STS::AssumedRole"",""resourceName"":""arn:aws:sts::584851961681:assumed-role/AWSServiceRoleForRDS/CRUM""},{""resourceType"":""AWS::IAM::Role"",""resourceName"":""arn:aws:iam::584851961681:role/aws-service-role/rds.amazonaws.com/AWSServiceRoleForRDS""}]",599e372e-fc6a-46bc-81f8-fe18209330ed,673bde00-1236-4986-8dde-bfc77007f7d9,false,AwsApiCall,584851961681,Management
,,2022-09-26T06:19:10Z,sts.amazonaws.com,AssumeRole,us-east-1,rds.amazonaws.com,rds.amazonaws.com,,"[{""resourceType"":""AWS::IAM::AccessKey"",""resourceName"":""ASIAYQK7EW5IU7URDWE4""},{""resourceType"":""AWS::STS::AssumedRole"",""resourceName"":""CRUM""},{""resourceType"":""AWS::STS::AssumedRole"",""resourceName"":""AROAYQK7EW5I2PR2F527V:CRUM""},{""resourceType"":""AWS::STS::AssumedRole"",""resourceName"":""arn:aws:sts::584851961681:assumed-role/AWSServiceRoleForRDS/CRUM""},{""resourceType"":""AWS::IAM::Role"",""resourceName"":""arn:aws:iam::584851961681:role/aws-service-role/rds.amazonaws.com/AWSServiceRoleForRDS""}]",d8ff24d8-97fd-4e35-9a13-7a7dc8bd849b,c3913898-742b-49b7-8404-78e6da34df6b,false,AwsApiCall,584851961681,Management
,,2022-09-26T05:21:04Z,sts.amazonaws.com,AssumeRole,us-east-1,rds.amazonaws.com,rds.amazonaws.com,,"[{""resourceType"":""AWS::IAM::AccessKey"",""resourceName"":""ASIAYQK7EW5I3RIPO5HH""},{""resourceType"":""AWS::STS::AssumedRole"",""resourceName"":""CRUM""},{""resourceType"":""AWS::STS::AssumedRole"",""resourceName"":""AROAYQK7EW5I2PR2F527V:CRUM""},{""resourceType"":""AWS::STS::AssumedRole"",""resourceName"":""arn:aws:sts::584851961681:assumed-role/AWSServiceRoleForRDS/CRUM""},{""resourceType"":""AWS::IAM::Role"",""resourceName"":""arn:aws:iam::584851961681:role/aws-service-role/rds.amazonaws.com/AWSServiceRoleForRDS""}]",910e4b42-88d2-4a58-a6bc-4b3bb242f83e,4e9d726d-93dc-4de0-8eea-331777baca3a,false,AwsApiCall,584851961681,Management
,,2022-09-26T04:20:23Z,sts.amazonaws.com,AssumeRole,us-east-1,rds.amazonaws.com,rds.amazonaws.com,,"[{""resourceType"":""AWS::IAM::AccessKey"",""resourceName"":""ASIAYQK7EW5IRQCCIKO6""},{""resourceType"":""AWS::STS::AssumedRole"",""resourceName"":""CRUM""},{""resourceType"":""AWS::STS::AssumedRole"",""resourceName"":""AROAYQK7EW5I2PR2F527V:CRUM""},{""resourceType"":""AWS::STS::AssumedRole"",""resourceName"":""arn:aws:sts::584851961681:assumed-role/AWSServiceRoleForRDS/CRUM""},{""resourceType"":""AWS::IAM::Role"",""resourceName"":""arn:aws:iam::584851961681:role/aws-service-role/rds.amazonaws.com/AWSServiceRoleForRDS""}]",7a479a71-8f00-43dd-a16e-09864c72557f,71a28777-4e6f-43c6-8a1c-48098ce8867d,false,AwsApiCall,584851961681,Management
,,2022-09-26T03:18:14Z,sts.amazonaws.com,AssumeRole,us-east-1,rds.amazonaws.com,rds.amazonaws.com,,"[{""resourceType"":""AWS::IAM::AccessKey"",""resourceName"":""ASIAYQK7EW5I5RLXILWH""},{""resourceType"":""AWS::STS::AssumedRole"",""resourceName"":""CRUM""},{""resourceType"":""AWS::STS::AssumedRole"",""resourceName"":""AROAYQK7EW5I2PR2F527V:CRUM""},{""resourceType"":""AWS::STS::AssumedRole"",""resourceName"":""arn:aws:sts::584851961681:assumed-role/AWSServiceRoleForRDS/CRUM""},{""resourceType"":""AWS::IAM::Role"",""resourceName"":""arn:aws:iam::584851961681:role/aws-service-role/rds.amazonaws.com/AWSServiceRoleForRDS""}]",8cbb6920-a59d-4d52-80dc-42f311b40781,9ff8397d-d735-49b2-a678-f6a4ad59a5eb,false,AwsApiCall,584851961681,Management
,,2022-09-26T02:23:23Z,sts.amazonaws.com,AssumeRole,us-east-1,rds.amazonaws.com,rds.amazonaws.com,,"[{""resourceType"":""AWS::IAM::AccessKey"",""resourceName"":""ASIAYQK7EW5I7ENIJB6I""},{""resourceType"":""AWS::STS::AssumedRole"",""resourceName"":""CRUM""},{""resourceType"":""AWS::STS::AssumedRole"",""resourceName"":""AROAYQK7EW5I2PR2F527V:CRUM""},{""resourceType"":""AWS::STS::AssumedRole"",""resourceName"":""arn:aws:sts::584851961681:assumed-role/AWSServiceRoleForRDS/CRUM""},{""resourceType"":""AWS::IAM::Role"",""resourceName"":""arn:aws:iam::584851961681:role/aws-service-role/rds.amazonaws.com/AWSServiceRoleForRDS""}]",0f1f966e-cab5-462d-a07f-88377ff278e7,9b250d18-2e6b-49d4-ab4a-040662a7c768,false,AwsApiCall,584851961681,Management
,,2022-09-26T01:18:42Z,sts.amazonaws.com,AssumeRole,us-east-1,rds.amazonaws.com,rds.amazonaws.com,,"[{""resourceType"":""AWS::IAM::AccessKey"",""resourceName"":""ASIAYQK7EW5I5HXJ63ER""},{""resourceType"":""AWS::STS::AssumedRole"",""resourceName"":""CRUM""},{""resourceType"":""AWS::STS::AssumedRole"",""resourceName"":""AROAYQK7EW5I2PR2F527V:CRUM""},{""resourceType"":""AWS::STS::AssumedRole"",""resourceName"":""arn:aws:sts::584851961681:assumed-role/AWSServiceRoleForRDS/CRUM""},{""resourceType"":""AWS::IAM::Role"",""resourceName"":""arn:aws:iam::584851961681:role/aws-service-role/rds.amazonaws.com/AWSServiceRoleForRDS""}]",7c80b1df-0710-4fbe-83c9-47db0134bb3d,9af003da-9f98-4765-838d-e5482e5baaed,false,AwsApiCall,584851961681,Management
,,2022-09-26T00:22:01Z,sts.amazonaws.com,AssumeRole,us-east-1,rds.amazonaws.com,rds.amazonaws.com,,"[{""resourceType"":""AWS::IAM::AccessKey"",""resourceName"":""ASIAYQK7EW5ISH4UEQY3""},{""resourceType"":""AWS::STS::AssumedRole"",""resourceName"":""CRUM""},{""resourceType"":""AWS::STS::AssumedRole"",""resourceName"":""AROAYQK7EW5I2PR2F527V:CRUM""},{""resourceType"":""AWS::STS::AssumedRole"",""resourceName"":""arn:aws:sts::584851961681:assumed-role/AWSServiceRoleForRDS/CRUM""},{""resourceType"":""AWS::IAM::Role"",""resourceName"":""arn:aws:iam::584851961681:role/aws-service-role/rds.amazonaws.com/AWSServiceRoleForRDS""}]",10b11799-873b-417c-a6ae-662e19cb289b,418173f4-c2bb-448f-b818-e5110bd74cf4,false,AwsApiCall,584851961681,Management
,,2022-09-25T23:20:53Z,sts.amazonaws.com,AssumeRole,us-east-1,rds.amazonaws.com,rds.amazonaws.com,,"[{""resourceType"":""AWS::IAM::AccessKey"",""resourceName"":""ASIAYQK7EW5IS5FIJJVS""},{""resourceType"":""AWS::STS::AssumedRole"",""resourceName"":""CRUM""},{""resourceType"":""AWS::STS::AssumedRole"",""resourceName"":""AROAYQK7EW5I2PR2F527V:CRUM""},{""resourceType"":""AWS::STS::AssumedRole"",""resourceName"":""arn:aws:sts::584851961681:assumed-role/AWSServiceRoleForRDS/CRUM""},{""resourceType"":""AWS::IAM::Role"",""resourceName"":""arn:aws:iam::584851961681:role/aws-service-role/rds.amazonaws.com/AWSServiceRoleForRDS""}]",ca1ed3ee-9904-4c9f-be0e-0b70c9e1eb35,351aabaa-a30f-4a12-93b2-34a4cc7ec9a2,false,AwsApiCall,584851961681,Management
,,2022-09-25T22:19:51Z,sts.amazonaws.com,AssumeRole,us-east-1,rds.amazonaws.com,rds.amazonaws.com,,"[{""resourceType"":""AWS::IAM::AccessKey"",""resourceName"":""ASIAYQK7EW5IRM3WQMLO""},{""resourceType"":""AWS::STS::AssumedRole"",""resourceName"":""CRUM""},{""resourceType"":""AWS::STS::AssumedRole"",""resourceName"":""AROAYQK7EW5I2PR2F527V:CRUM""},{""resourceType"":""AWS::STS::AssumedRole"",""resourceName"":""arn:aws:sts::584851961681:assumed-role/AWSServiceRoleForRDS/CRUM""},{""resourceType"":""AWS::IAM::Role"",""resourceName"":""arn:aws:iam::584851961681:role/aws-service-role/rds.amazonaws.com/AWSServiceRoleForRDS""}]",71ed9d41-b38c-453d-9951-b7090c36255f,277622b3-9963-47e3-a5ee-42d5159a5069,false,AwsApiCall,584851961681,Management
,,2022-09-25T21:18:49Z,sts.amazonaws.com,AssumeRole,us-east-1,rds.amazonaws.com,rds.amazonaws.com,,"[{""resourceType"":""AWS::IAM::AccessKey"",""resourceName"":""ASIAYQK7EW5I5EJYYIEU""},{""resourceType"":""AWS::STS::AssumedRole"",""resourceName"":""CRUM""},{""resourceType"":""AWS::STS::AssumedRole"",""resourceName"":""AROAYQK7EW5I2PR2F527V:CRUM""},{""resourceType"":""AWS::STS::AssumedRole"",""resourceName"":""arn:aws:sts::584851961681:assumed-role/AWSServiceRoleForRDS/CRUM""},{""resourceType"":""AWS::IAM::Role"",""resourceName"":""arn:aws:iam::584851961681:role/aws-service-role/rds.amazonaws.com/AWSServiceRoleForRDS""}]",71432693-96f6-4d77-a481-0df4136ad83f,ebc6e72b-dfb1-4a9d-9a40-6d6cb35dd995,false,AwsApiCall,584851961681,Management
,,2022-09-25T20:19:25Z,sts.amazonaws.com,AssumeRole,us-east-1,rds.amazonaws.com,rds.amazonaws.com,,"[{""resourceType"":""AWS::IAM::AccessKey"",""resourceName"":""ASIAYQK7EW5I4A3WFWOA""},{""resourceType"":""AWS::STS::AssumedRole"",""resourceName"":""CRUM""},{""resourceType"":""AWS::STS::AssumedRole"",""resourceName"":""AROAYQK7EW5I2PR2F527V:CRUM""},{""resourceType"":""AWS::STS::AssumedRole"",""resourceName"":""arn:aws:sts::584851961681:assumed-role/AWSServiceRoleForRDS/CRUM""},{""resourceType"":""AWS::IAM::Role"",""resourceName"":""arn:aws:iam::584851961681:role/aws-service-role/rds.amazonaws.com/AWSServiceRoleForRDS""}]",ba318a45-3507-4fda-b938-917384293a03,a73b0e72-0e7b-4ce7-a073-c888b0ac0e65,false,AwsApiCall,584851961681,Management
,,2022-09-25T19:17:52Z,sts.amazonaws.com,AssumeRole,us-east-1,rds.amazonaws.com,rds.amazonaws.com,,"[{""resourceType"":""AWS::IAM::AccessKey"",""resourceName"":""ASIAYQK7EW5I4OTTNSNK""},{""resourceType"":""AWS::STS::AssumedRole"",""resourceName"":""CRUM""},{""resourceType"":""AWS::STS::AssumedRole"",""resourceName"":""AROAYQK7EW5I2PR2F527V:CRUM""},{""resourceType"":""AWS::STS::AssumedRole"",""resourceName"":""arn:aws:sts::584851961681:assumed-role/AWSServiceRoleForRDS/CRUM""},{""resourceType"":""AWS::IAM::Role"",""resourceName"":""arn:aws:iam::584851961681:role/aws-service-role/rds.amazonaws.com/AWSServiceRoleForRDS""}]",7c653287-475b-4914-aadf-a49d01e9df36,d889d24d-faf7-44ff-bc50-4673de8241df,false,AwsApiCall,584851961681,Management
,,2022-09-25T18:19:06Z,sts.amazonaws.com,AssumeRole,us-east-1,rds.amazonaws.com,rds.amazonaws.com,,"[{""resourceType"":""AWS::IAM::AccessKey"",""resourceName"":""ASIAYQK7EW5IUHXMBJOC""},{""resourceType"":""AWS::STS::AssumedRole"",""resourceName"":""CRUM""},{""resourceType"":""AWS::STS::AssumedRole"",""resourceName"":""AROAYQK7EW5I2PR2F527V:CRUM""},{""resourceType"":""AWS::STS::AssumedRole"",""resourceName"":""arn:aws:sts::584851961681:assumed-role/AWSServiceRoleForRDS/CRUM""},{""resourceType"":""AWS::IAM::Role"",""resourceName"":""arn:aws:iam::584851961681:role/aws-service-role/rds.amazonaws.com/AWSServiceRoleForRDS""}]",4974e6f6-bfb9-4184-8868-0af595ab0897,c1a83102-827e-482c-9b99-78a93ac02967,false,AwsApiCall,584851961681,Management
,,2022-09-25T17:21:39Z,sts.amazonaws.com,AssumeRole,us-east-1,rds.amazonaws.com,rds.amazonaws.com,,"[{""resourceType"":""AWS::IAM::AccessKey"",""resourceName"":""ASIAYQK7EW5IT7FTK3Y4""},{""resourceType"":""AWS::STS::AssumedRole"",""resourceName"":""CRUM""},{""resourceType"":""AWS::STS::AssumedRole"",""resourceName"":""AROAYQK7EW5I2PR2F527V:CRUM""},{""resourceType"":""AWS::STS::AssumedRole"",""resourceName"":""arn:aws:sts::584851961681:assumed-role/AWSServiceRoleForRDS/CRUM""},{""resourceType"":""AWS::IAM::Role"",""resourceName"":""arn:aws:iam::584851961681:role/aws-service-role/rds.amazonaws.com/AWSServiceRoleForRDS""}]",1be1a955-5145-4b32-a6dd-5ec32d1655fe,f1ae02bb-7940-4228-a3f6-0039bd1c63a1,false,AwsApiCall,584851961681,Management
,,2022-09-25T16:18:43Z,sts.amazonaws.com,AssumeRole,us-east-1,rds.amazonaws.com,rds.amazonaws.com,,"[{""resourceType"":""AWS::IAM::AccessKey"",""resourceName"":""ASIAYQK7EW5IYNGTLWFU""},{""resourceType"":""AWS::STS::AssumedRole"",""resourceName"":""CRUM""},{""resourceType"":""AWS::STS::AssumedRole"",""resourceName"":""AROAYQK7EW5I2PR2F527V:CRUM""},{""resourceType"":""AWS::STS::AssumedRole"",""resourceName"":""arn:aws:sts::584851961681:assumed-role/AWSServiceRoleForRDS/CRUM""},{""resourceType"":""AWS::IAM::Role"",""resourceName"":""arn:aws:iam::584851961681:role/aws-service-role/rds.amazonaws.com/AWSServiceRoleForRDS""}]",ac6b6bbb-fc0e-4f7a-8a6f-1e536c708623,0067c30b-fd01-4777-ab38-f3775685c285,false,AwsApiCall,584851961681,Management
,,2022-09-25T15:18:25Z,sts.amazonaws.com,AssumeRole,us-east-1,rds.amazonaws.com,rds.amazonaws.com,,"[{""resourceType"":""AWS::IAM::AccessKey"",""resourceName"":""ASIAYQK7EW5ITT5NGOV7""},{""resourceType"":""AWS::STS::AssumedRole"",""resourceName"":""CRUM""},{""resourceType"":""AWS::STS::AssumedRole"",""resourceName"":""AROAYQK7EW5I2PR2F527V:CRUM""},{""resourceType"":""AWS::STS::AssumedRole"",""resourceName"":""arn:aws:sts::584851961681:assumed-role/AWSServiceRoleForRDS/CRUM""},{""resourceType"":""AWS::IAM::Role"",""resourceName"":""arn:aws:iam::584851961681:role/aws-service-role/rds.amazonaws.com/AWSServiceRoleForRDS""}]",660cb11d-ea2b-46c6-bd4d-2557f403dd48,76bdb1e5-d0c4-4ef4-be45-a280d613c7de,false,AwsApiCall,584851961681,Management
,,2022-09-25T14:19:49Z,sts.amazonaws.com,AssumeRole,us-east-1,rds.amazonaws.com,rds.amazonaws.com,,"[{""resourceType"":""AWS::IAM::AccessKey"",""resourceName"":""ASIAYQK7EW5I2Q26KA7K""},{""resourceType"":""AWS::STS::AssumedRole"",""resourceName"":""CRUM""},{""resourceType"":""AWS::STS::AssumedRole"",""resourceName"":""AROAYQK7EW5I2PR2F527V:CRUM""},{""resourceType"":""AWS::STS::AssumedRole"",""resourceName"":""arn:aws:sts::584851961681:assumed-role/AWSServiceRoleForRDS/CRUM""},{""resourceType"":""AWS::IAM::Role"",""resourceName"":""arn:aws:iam::584851961681:role/aws-service-role/rds.amazonaws.com/AWSServiceRoleForRDS""}]",30216549-ecc3-406b-9388-4d4876e9baee,d52a0f39-41ab-4d2e-8bd5-cc562bb1f0a9,false,AwsApiCall,584851961681,Management
,,2022-09-25T13:20:02Z,sts.amazonaws.com,AssumeRole,us-east-1,rds.amazonaws.com,rds.amazonaws.com,,"[{""resourceType"":""AWS::IAM::AccessKey"",""resourceName"":""ASIAYQK7EW5IYKHCAOSC""},{""resourceType"":""AWS::STS::AssumedRole"",""resourceName"":""CRUM""},{""resourceType"":""AWS::STS::AssumedRole"",""resourceName"":""AROAYQK7EW5I2PR2F527V:CRUM""},{""resourceType"":""AWS::STS::AssumedRole"",""resourceName"":""arn:aws:sts::584851961681:assumed-role/AWSServiceRoleForRDS/CRUM""},{""resourceType"":""AWS::IAM::Role"",""resourceName"":""arn:aws:iam::584851961681:role/aws-service-role/rds.amazonaws.com/AWSServiceRoleForRDS""}]",f2b7474c-5616-4c3b-a7fc-e0e9f4d73adc,36f80a2d-3a82-4fc7-a0fb-f77384fb4e8b,false,AwsApiCall,584851961681,Management
,,2022-09-25T12:19:39Z,sts.amazonaws.com,AssumeRole,us-east-1,rds.amazonaws.com,rds.amazonaws.com,,"[{""resourceType"":""AWS::IAM::AccessKey"",""resourceName"":""ASIAYQK7EW5IRJUDORYP""},{""resourceType"":""AWS::STS::AssumedRole"",""resourceName"":""CRUM""},{""resourceType"":""AWS::STS::AssumedRole"",""resourceName"":""AROAYQK7EW5I2PR2F527V:CRUM""},{""resourceType"":""AWS::STS::AssumedRole"",""resourceName"":""arn:aws:sts::584851961681:assumed-role/AWSServiceRoleForRDS/CRUM""},{""resourceType"":""AWS::IAM::Role"",""resourceName"":""arn:aws:iam::584851961681:role/aws-service-role/rds.amazonaws.com/AWSServiceRoleForRDS""}]",f7b21748-6dc1-4f2f-91f6-d13c476eb33b,82d03105-3985-42f5-b91e-8fdd2c72cc91,false,AwsApiCall,584851961681,Management
,,2022-09-25T11:19:54Z,sts.amazonaws.com,AssumeRole,us-east-1,rds.amazonaws.com,rds.amazonaws.com,,"[{""resourceType"":""AWS::IAM::AccessKey"",""resourceName"":""ASIAYQK7EW5I4AZVZRZF""},{""resourceType"":""AWS::STS::AssumedRole"",""resourceName"":""CRUM""},{""resourceType"":""AWS::STS::AssumedRole"",""resourceName"":""AROAYQK7EW5I2PR2F527V:CRUM""},{""resourceType"":""AWS::STS::AssumedRole"",""resourceName"":""arn:aws:sts::584851961681:assumed-role/AWSServiceRoleForRDS/CRUM""},{""resourceType"":""AWS::IAM::Role"",""resourceName"":""arn:aws:iam::584851961681:role/aws-service-role/rds.amazonaws.com/AWSServiceRoleForRDS""}]",a607143f-2d9d-4cb9-810c-4d040710855f,6324aac8-94a0-4c83-8310-ec86f56240ba,false,AwsApiCall,584851961681,Management
,,2022-09-25T10:18:56Z,sts.amazonaws.com,AssumeRole,us-east-1,rds.amazonaws.com,rds.amazonaws.com,,"[{""resourceType"":""AWS::IAM::AccessKey"",""resourceName"":""ASIAYQK7EW5IWIIONSWW""},{""resourceType"":""AWS::STS::AssumedRole"",""resourceName"":""CRUM""},{""resourceType"":""AWS::STS::AssumedRole"",""resourceName"":""AROAYQK7EW5I2PR2F527V:CRUM""},{""resourceType"":""AWS::STS::AssumedRole"",""resourceName"":""arn:aws:sts::584851961681:assumed-role/AWSServiceRoleForRDS/CRUM""},{""resourceType"":""AWS::IAM::Role"",""resourceName"":""arn:aws:iam::584851961681:role/aws-service-role/rds.amazonaws.com/AWSServiceRoleForRDS""}]",d34e0600-f396-4664-97ad-9d9a31defc61,f4afabbc-2c25-4e7a-8818-e67e44a94ed8,false,AwsApiCall,584851961681,Management
,,2022-09-25T09:18:18Z,sts.amazonaws.com,AssumeRole,us-east-1,rds.amazonaws.com,rds.amazonaws.com,,"[{""resourceType"":""AWS::IAM::AccessKey"",""resourceName"":""ASIAYQK7EW5I2HD44SHK""},{""resourceType"":""AWS::STS::AssumedRole"",""resourceName"":""CRUM""},{""resourceType"":""AWS::STS::AssumedRole"",""resourceName"":""AROAYQK7EW5I2PR2F527V:CRUM""},{""resourceType"":""AWS::STS::AssumedRole"",""resourceName"":""arn:aws:sts::584851961681:assumed-role/AWSServiceRoleForRDS/CRUM""},{""resourceType"":""AWS::IAM::Role"",""resourceName"":""arn:aws:iam::584851961681:role/aws-service-role/rds.amazonaws.com/AWSServiceRoleForRDS""}]",f7e0b420-aefb-4910-8baa-25a877115c14,330780d3-fc59-4391-b5dc-817a2130d303,false,AwsApiCall,584851961681,Management